fetched_date,platform,video_id,title,channel_or_user,url,views,likes,comments,published_at,duration_seconds,thumbnail_url,description_snippet
2026-07-05,YouTube,DQxBJGLZuqc,IPAD KA JAANWAR IS HERE 💀🔥#shortsfeed #bgmi #pubg,Rexxy Plays,https://www.youtube.com/watch?v=DQxBJGLZuqc,47126,440,0,2026-07-05T00:15:33Z,20099,https://i.ytimg.com/vi/DQxBJGLZuqc/hqdefault.jpg,"IPAD KA JAANWAR IS HERE 💀🔥#shortsfeed #bgmi #pubg 

📢 Connect With Me:
Instagram:  instagram.com/rexxyplays06

Discord: discord.gg/GeJCW8WwCm

KICK: kick.com/rexxyplays

Don't forget to hit that LIKE "
2026-07-05,YouTube,KdrYwxW410g,🔴LIVE BGMI GamePlay With New Mymmy Set #bgmi #gameplay  #livestream,AndhaPaisaLive,https://www.youtube.com/watch?v=KdrYwxW410g,21724,252,0,2026-07-05T04:19:07Z,14335,https://i.ytimg.com/vi/KdrYwxW410g/hqdefault.jpg,"Welcome to the stream! We are grinding BGMI today, pushing ranks, and having a blast with the squad. If you enjoy high-intensity gunfights, tactical gameplay, and daily live action, you’re in the righ"
2026-07-05,YouTube,aJAnLfH78UU,Rush Gameplay Tracker 📈 | BGMI Shorts,SONU IS LIVE,https://www.youtube.com/watch?v=aJAnLfH78UU,18639,524,0,2026-07-05T05:03:15Z,7980,https://i.ytimg.com/vi/aJAnLfH78UU/hqdefault.jpg,"ROAD TO 200,000 / 200 K SUBSCRIBER ❤️ 

FULL BOOMBAAM BAAM RUSH GAMEPLAY 🔥 

If you liked the Video don’t forget to Like, Share and Subscribe.

Hey Guys, 
Welcome to my Youtube Channel,
I'm Sonu kushw"
2026-07-05,YouTube,ziGoxSvVe3o,LIVE VERTICAL - Total Rush | BGMI | PUBG MOBILE |,Beast is Live,https://www.youtube.com/watch?v=ziGoxSvVe3o,18270,166,0,2026-07-05T00:45:08Z,12365,https://i.ytimg.com/vi/ziGoxSvVe3o/hqdefault.jpg,"#shortsfeed #shortslive #pubg
PUBG ID - 5564860546
5 Finger Gameplay 

PC setup link - https://youtube.com/shorts/ilrBN5pk5D4

PC specs: 
Processor: 11th Gen Intel(R) Core(TM) i9-11900KF @ 3.50GHz 
RA"
2026-07-05,YouTube,69m2iogE3UY,LIVE 🔴| BGMI MOBILE ROAD TO 20K SUBS 😎| HDR EXTREME Gameplay | #pubgmobilelive #bgmi #bgmilive,PRINCE IS LIVE ,https://www.youtube.com/watch?v=69m2iogE3UY,11286,112,0,2026-07-05T00:34:06Z,22839,https://i.ytimg.com/vi/69m2iogE3UY/hqdefault.jpg,"Hi, Welcome to the stream guys Hope You Enjoy and do not forget to Like, Comment, and Subscribe To My Channel @princeisliveop 



#PUBGMOBILE
#pubgmnextstarprogram
#PUBGMS30"
2026-07-05,YouTube,LlVO2_vfKzg,URGENT 🔴 PRE ORDER CANCEL ? | A20 Bonus Pass | Next X Suit Bgmi | Bgmi 4.5 Update | Ultimate Set,Gk Afroz,https://www.youtube.com/watch?v=LlVO2_vfKzg,11092,1631,226,2026-07-05T02:45:39Z,591,https://i.ytimg.com/vi/LlVO2_vfKzg/hqdefault.jpg,"URGENT 🔴 PRE ORDER CANCEL ? | A20 Bonus Pass | Next X Suit Bgmi | Bgmi 4.5 Update Leaks

About Video :-

Ye Video Me Main Aapko dikhane Wala Hun bgmi 4.5 update or bgmi next royal pass and a20 bonus p"
2026-07-05,YouTube,XlhSMOcRM10,India's Youngest 11K/D With New Mummy Set 💀! #bgmi #shorts #desiplayz,DESI PLAYz,https://www.youtube.com/watch?v=XlhSMOcRM10,10244,2058,40,2026-07-05T02:55:01Z,51,https://i.ytimg.com/vi/XlhSMOcRM10/hqdefault.jpg,
